instance,scenario,pooled_knee_improvement_pct,pooled_knee_pof_pct,pooled_lowest_improvement_pct,pooled_lowest_pof_pct
STAGE1_1,S1,6.02,0.06,12.96,0.31
STAGE1_1,S2,28.32,1.80,33.68,4.32
STAGE1_1,S3,27.50,2.19,28.34,3.83
STAGE1_2,S1,22.29,1.21,32.00,3.97
STAGE1_2,S2,46.45,1.13,64.06,5.80
STAGE1_2,S3,40.10,6.35,55.64,16.35
STAGE1_3,S1,5.41,0.54,10.47,1.35
STAGE1_3,S2,28.66,2.89,46.18,6.90
STAGE1_3,S3,26.44,1.78,38.32,7.05
STAGE1_4,S1,9.78,1.51,13.38,2.52
STAGE1_4,S2,37.01,7.45,43.19,14.78
STAGE1_4,S3,31.99,4.70,47.51,15.81
STAGE1_5,S1,0.00,0.00,2.67,0.70
STAGE1_5,S2,32.11,2.63,48.59,6.27
STAGE1_5,S3,33.31,4.40,38.37,8.08
STAGE1_7,S1,13.45,0.43,21.52,2.10
STAGE1_7,S2,26.06,1.83,36.36,3.42
STAGE1_7,S3,30.58,3.09,35.83,5.93
STAGE1_8,S1,4.91,0.39,11.04,1.89
STAGE1_8,S2,28.81,2.13,60.71,10.51
STAGE1_8,S3,38.21,3.71,58.27,12.20
STAGE1_9,S1,12.58,0.31,19.28,0.71
STAGE1_9,S2,20.13,1.57,34.53,7.55
STAGE1_9,S3,31.48,3.75,40.78,6.90
STAGE1_10,S1,62.46,9.54,71.96,18.56
STAGE1_10,S2,26.97,2.88,44.30,12.36
STAGE1_10,S3,28.74,6.02,37.16,16.67
STAGE1_11,S1,9.87,1.33,16.25,3.79
STAGE1_11,S2,22.36,2.26,43.72,8.53
STAGE1_11,S3,18.90,2.07,36.07,8.48
STAGE1_13,S1,11.85,0.16,20.47,0.88
STAGE1_13,S2,25.06,0.60,31.04,4.69
STAGE1_13,S3,15.77,1.11,27.84,5.16
STAGE1_14,S1,10.70,0.62,18.06,3.25
STAGE1_14,S2,23.48,3.67,37.88,12.60
STAGE1_14,S3,21.63,2.03,32.63,9.18
STAGE1_15,S1,1.66,0.05,4.48,0.23
STAGE1_15,S2,11.63,1.58,12.68,2.92
STAGE1_15,S3,11.21,0.95,17.75,2.73
STAGE1_16,S1,10.87,2.16,18.60,5.28
STAGE1_16,S2,39.97,5.53,63.61,17.87
STAGE1_16,S3,27.50,4.48,48.65,18.92
STAGE1_17,S1,13.36,0.42,17.53,1.21
STAGE1_17,S2,16.16,1.36,30.36,5.34
STAGE1_17,S3,17.04,2.38,24.55,5.59
STAGE1_18,S1,3.94,0.25,7.71,2.02
STAGE1_18,S2,28.08,2.63,44.16,7.95
STAGE1_18,S3,26.85,3.56,46.53,13.13
